[
  {
    "txt": "준법감시인 심의필 2024-0399(2024.01.17~2024.12.31)\n\n \n\n항상 Mongle을 이용해주시는 고객님께 진심으로 감사드립니다.\n다음과 같이 금리를 변경하고자 하오니 양지하여 주시기 바랍니다.\n\n  \n□ 변경 시행일 : 2024. 2. 1(목)\n  \n□ 변경내용\n1. 적립식예금\t(단위: 연 %, 세금납부 전)\n\n상품명\t\t적용이율\t \t기간\t\t이율 변경 전\t\t이율 변경 후\t 대비\n\n정기적금\t\t약정이율\t\t12개월\t\t4.00\t\t\t3.00\t      \t-1.00\n\n \n\n※ 금번 수신상품의 변경된 이율은 변경시행일 이후 적용됩니다. 적립식 예금은 계약 당시 약정이율을 \n   만기까지 적용하므로 변경시행일 이전 신규 분에는 반영되지 않습니다.\n※ 해당금리는 연 이자율 적용금리이며, 세금납부 전 금리입니다. \n※ 상품별 우대금리는 변동 없습니다.",
    "id": "admin123",
    "title": "수신상품 금리 변경 안내"
  },
  {
    "txt": "항상 Mongle을 이용해주시는 고객님께 진심으로 감사드립니다.\n\n \n\n■ 휴면예금 출연\n\n  - 저희 Mongle은 장기간 거래가 없었던 고객님의 휴면예금을 「서민의 금융생활 지원에 관한 법률」에 따라\n\n    서민금융진흥원에 출연할 예정입니다.\n\n\n■ 휴면예금 찾는 방법\n\n  - 휴면예금이 출연되기 전에 고객님께서 저희 Mongle으로 요청하시면 지급해 드릴 것이며,\n\n     출연된 후에도 아래 경로를 통해 요청을 하시면 필요한 절차를 거쳐 서민금융진흥원에서 지급해 드릴 것입니다.\n\n     ① Mongle\n\n     ② 서민금융통합지원센터\n\n     ③ ‘서민금융진흥원’ 모바일앱 또는 ‘휴면예금 찾아줌’ 웹사이트(https://sleepmoney.kinfa.or.kr)\n\n \n\n자세한 내용은 고객센터로 문의하여 주시기 바랍니다.\n\n감사합니다.",
    "id": "admin123",
    "title": "휴면예금 출연 전 안내"
  },
  {
    "txt": "항상 Mongle을 이용해 주시는 고객님께 감사드립니다.\n유진투자증권의 시스템 작업에 따라 해당 기관과의 금융거래가 일시 중단될 예정입니다.\n \n■ 중단 일시\n2024.2.4(일) 00:00~02:30 (총 2시간 30분)\n \n■ 중단 업무\n유진투자증권으로의 이체 등 금융거래\n \n이용에 유의해 주시기 바랍니다.\n감사합니다.",
    "id": "admin123",
    "title": "유진투자증권과의 금융거래 일시중단"
  },
  {
    "txt": "안녕하세요, 금융관리 프로그램 사용자 여러분!\n우리는 새로운 업데이트를 출시했습니다. 이번 업데이트에서는 사용자 경험을 향상시키고 보안을 강화하였습니다. 새로운 기능 및 개선 사항을 확인하려면 업데이트 로그를 참조해주세요.\n궁금한 점이나 문제가 발생한 경우 언제든지 [고객 지원팀](고객 지원 이메일 주소)에 문의해주세요. 여러분의 소중한 피드백을 기다립니다!",
    "id": "admin123",
    "title": "서비스 업데이트 공지"
  }
]