[
  {
    "txt": "프로그램을 통해 수입과 지출 내역을 어떻게 입력하고 추적하는지 궁금합니다.",
    "id": "member123",
    "title": "수입과 지출 내역을 어떻게 관리하나요?"
  },
  {
    "txt": "프로그램에서 예산을 설정하고 실제 지출과 비교하는 방법에 대해 알고 싶습니다.",
    "id": "member123",
    "title": "예산을 설정하고 모니터링하는 기능이 있나요?"
  },
  {
    "txt": "지출 내역을 카테고리로 분류하고, 이를 그래프나 차트로 시각화하는 방법에 대해 알고 싶습니다.",
    "id": "memTester1",
    "title": "지출 항목을 어떻게 카테고리화하고 시각적으로 표시하나요?"
  },
  {
    "txt": "사용자의 금융 데이터를 어떻게 안전하게 보호하고 암호화하는지에 대한 정보를 알고 싶습니다.",
    "id": "memTester1",
    "title": "개인 금융 정보의 보안은 어떻게 관리되나요?"
  },
  {
    "txt": "",
    "id": "qwer",
    "title": "0"
  },
  {
    "txt": "안녕하세요. 감사합니다.",
    "comment": "알겠습니다. 감사합니다.",
    "id": "demo",
    "title": "프로그램 잘 만들어주세요."
  }
]